<?xml version="1.0" encoding="UTF-8" standalone="yes"?>
<manifest>
  <control namespace="CI" constructor="MUICheckbox" version="0.0.1" display-name-key="MUICheckbox" description-key="MUICheckbox description" control-type="virtual" api-version="1.3.11">
    <external-service-usage enabled="false"/>
    <property name="Label" display-name-key="Label" description-key="Checkbox label" of-type="SingleLine.Text" usage="input" required="false" default-value="Label"/>
    <property name="Size" display-name-key="Size" description-key="Checkbox size" of-type="Enum" usage="input" required="true" default-value="medium">
      <value name="Small" display-name-key="Small">small</value>
      <value name="Medium" display-name-key="Medium">medium</value>
      <value name="Large" display-name-key="Large">large</value>
    </property>
    <property name="Default" display-name-key="Default" description-key="Default checkbox value" of-type="TwoOptions" usage="input" required="true" default-value="false">
      <value name="Checked" display-name-key="true">true</value>
      <value name="Unchecked" display-name-key="false">false</value>
    </property>
    <property name="LabelPosition" display-name-key="Label Position" description-key="Position of checkbox label" of-type="Enum" usage="input" required="true" default-value="end">
      <value name="End" display-name-key="End">end</value>
      <value name="Start" display-name-key="Start">start</value>
      <value name="Top" display-name-key="Top">top</value>
      <value name="Bottom" display-name-key="Bottom">bottom</value>
    </property>
    <property name="Align" display-name-key="Align" description-key="Horizontal alignment" of-type="Enum" usage="input" required="true" default-value="flex-start">
      <value name="Start" display-name-key="Start">flex-start</value>
      <value name="Center" display-name-key="Center">center</value>
      <value name="End" display-name-key="End">flex-end</value>
    </property>
    <property name="VerticalAlign" display-name-key="Vertical Align" description-key="Vertical alignment" of-type="Enum" usage="input" required="true" default-value="center">
      <value name="Top" display-name-key="Start">flex-start</value>
      <value name="Middle" display-name-key="Center">center</value>
      <value name="Bottom" display-name-key="End">flex-end</value>
    </property>
    <property name="Wrap" display-name-key="Wrap" description-key="Wrap label text" of-type="TwoOptions" usage="input" required="true" default-value="false">
      <value name="True" display-name-key="True">true</value>
      <value name="False" display-name-key="False">false</value>
    </property>
    <property name="Font" display-name-key="Font" description-key="Font" of-type="SingleLine.Text" usage="input" required="false"/>
    <property name="FontSize" display-name-key="Font Size" description-key="Font" of-type="Whole.None" usage="input" required="false"/>
    <property name="FontColor" display-name-key="Font Color" description-key="Font color" of-type="SingleLine.Text" usage="input" required="false"/>
    <property name="FontWeight" display-name-key="Font Weight" description-key="Font weight" of-type="Enum" usage="input" required="false">
      <value name="Lighter" display-name-key="Lighter">Lighter</value>
      <value name="Normal" display-name-key="Normal">Normal</value>
      <value name="Semibold" display-name-key="Semibold">Semibold</value>
      <value name="Bold" display-name-key="Bold">Bold</value>
    </property>
    <property name="PrimaryColor" display-name-key="Primary Color" description-key="Primary color" of-type="SingleLine.Text" usage="input" required="false"/>
    <property name="RippleEffect" display-name-key="Ripple Effect" description-key="Show or hide ripple effect" of-type="TwoOptions" usage="input" required="true" default-value="true">
      <value name="True" display-name-key="true">true</value>
      <value name="False" display-name-key="false">false</value>
    </property>
    <property name="Value" display-name-key="Value" description-key="Is checked" of-type="TwoOptions" usage="output">
      <value name="true" display-name-key="true">true</value>
      <value name="false" display-name-key="false">false</value>
    </property>
    <property name="AutoHeight" display-name-key="Auto Height" description-key="Control auto height" of-type="Decimal" usage="output"/>
    <property name="AutoWidth" display-name-key="Auto Width" description-key="Control auto width" of-type="Decimal" usage="output"/>
    <resources>
      <code path="bundle.js" order="1"/>
      <platform-library name="React" version="16.8.6"/>
    </resources>
    <built-by name="pac" version="1.31.2"/>
  </control>
</manifest>